name,price,discount,date
Harper HA1157 Clip On,49425,0,2026-09-01 03:14:00
Lucca LU1005,14360,0,2026-09-01 03:14:00
Harper HA1014,21960,0,2026-09-01 03:14:00
Ray Ban 0RX6375,104230,0,2026-09-01 03:14:00
Polo RLPH2212,93030,0,2026-09-01 03:14:00
Harper HA1186,0,0,2026-09-01 03:14:00
Polaroid Clip On PLD2148/CS,90930,0,2026-09-01 03:14:00
Lucca LU1008,0,0,2026-09-01 03:14:00
Lucca LU1010,14360,0,2026-09-01 03:14:00
Polaroid Clip On PLD 6203/CS,101430,0,2026-09-01 03:14:00
Ray Ban 0RX3768V,107730,0,2026-09-01 03:14:00
Lucca LU1018,26925,0,2026-09-01 03:14:00
Harper HA1002,21960,0,2026-09-01 03:14:00
Polaroid Clip On PLD 6139/CS,94430,0,2026-09-01 03:14:00
Lucca LU1009,14360,0,2026-09-01 03:14:00
Harper HA1154 Clip On,49425,0,2026-09-01 03:14:00
RayBan 0RX5285,122430,0,2026-09-01 03:14:00
Harper HA1152 Clip On,49425,0,2026-09-01 03:14:00
Emporio 0EA3229,115120,0,2026-09-01 03:14:00
RayBan 0RX7330,55560,0,2026-09-01 03:14:00
RayBan 0RX6335,115430,0,2026-09-01 03:14:00
Polaroid PLD488,62930,0,2026-09-01 03:14:00
Kalani KA1011,21960,0,2026-09-01 03:14:00
Harper HA1066,35175,0,2026-09-01 03:14:00
Lucca LU1066,9160,0,2026-09-01 03:14:00
RayBan RX6534,104230,0,2026-09-01 03:14:00
Polo RLPH2083,111930,0,2026-09-01 03:14:00
Polo RLPH2218,93030,0,2026-09-01 03:14:00
Lucca LU1015,14360,0,2026-09-01 03:14:00
Polo RLPH1175,100730,0,2026-09-01 03:14:00
Polaroid Clip On PLD2147/CS,90930,0,2026-09-01 03:14:00
Kalani KA1059,21960,0,2026-09-01 03:14:00
Lucca LU1065,9160,0,2026-09-01 03:14:00
Kalani KA1039,21960,0,2026-09-01 03:14:00
Cat Chisel,79920,0,2026-09-01 03:14:00
Kalani KA1044,21960,0,2026-09-01 03:14:00
Lucca LU1068,17175,0,2026-09-01 03:14:00
Giacomo GI1016,0,0,2026-09-01 03:14:00
Giacomo GI1025,0,0,2026-09-01 03:14:00
Oakley BAT FLIP,115120,0,2026-09-01 03:14:00
Kalani KA1012,0,0,2026-09-01 03:14:00
Harper HA1067,0,0,2026-09-01 03:14:00
Harper HA1336 Clip On,49425,0,2026-09-01 03:14:00
Harper HA1145,0,0,2026-09-01 03:14:00
Emporio 0EA3177,115120,0,2026-09-01 03:14:00
Sc Ferrari FZ8003U,89520,0,2026-09-01 03:14:00
Kalani KA1038,21960,0,2026-09-01 03:14:00
Harper HA1153 Clip On,49425,0,2026-09-01 03:14:00
Harper HA1057,0,0,2026-09-01 03:14:00
Versace 0VE3363U,168720,0,2026-09-01 03:14:00
Oakley METALINK,121520,0,2026-09-01 03:14:00
RayBan 0RX6494,130130,0,2026-09-01 03:14:00
Harper HA1149 Clip On,26360,0,2026-09-01 03:14:00
Harper HA1213,18760,0,2026-09-01 03:14:00
Kalani KA1005,21960,0,2026-09-01 03:14:00
Harper HA1064,18760,0,2026-09-01 03:14:00
Harper HA1160,21960,0,2026-09-01 03:14:00
Polaroid Clip On PLD 6204/CS,104930,0,2026-09-01 03:14:00
Kalani KA1037,0,0,2026-09-01 03:14:00
Oakley OVERHEAD,106320,0,2026-09-01 03:14:00
Harper HA1061,0,0,2026-09-01 03:14:00
Ray Ban 0RX6543,102830,0,2026-09-01 03:14:00
Polaroid PLD2132/CS Clip On,90930,0,2026-09-01 03:14:00
Kalani KA1013,21960,0,2026-09-01 03:14:00
Kalani KA1006,21960,0,2026-09-01 03:14:00
Harper HA1215,35175,0,2026-09-01 03:14:00
Lucca LU1058,26925,0,2026-09-01 03:14:00
THilfigr TH2041,125520,0,2026-09-01 03:14:00
Harper HA1147,21960,0,2026-09-01 03:14:00
Harper HA1146,18760,0,2026-09-01 03:14:00
Cat CTSC0012 Clip On,91920,0,2026-09-01 03:14:00
Harper HA1322,26360,0,2026-09-01 03:14:00
CAT CTSC 0006 Clip On,91920,0,2026-09-01 03:14:00
Lucca LU1002,26925,0,2026-09-01 03:14:00
Giacomo GI1013,0,0,2026-09-01 03:14:00
Harper Kids HA1154 (4-8 años),0,0,2026-09-01 03:14:00
Under Armour UA5042,111920,0,2026-09-01 03:14:00
Cat Inlay,39960,0,2026-09-01 03:14:00
Harper HA1060,35175,0,2026-09-01 03:14:00
Cat CTSC0005 Clip On,91920,0,2026-09-01 03:14:00
Lucca LU1068,9160,0,2026-09-01 03:14:00
RayBan ROUND METAL,115430,0,2026-09-01 03:14:00
Cat Dormer 106,75920,0,2026-09-01 03:14:00
Kalani KA1286,27450,0,2026-09-01 03:14:00
RayBan 0RX6355,130130,0,2026-09-01 03:14:00
Arnette SANS,57520,0,2026-09-01 03:14:00
Oakley METALINK,156720,0,2026-09-01 03:14:00
Harper HA1007,21960,0,2026-09-01 03:14:00
Polaroid Clip On PLD6204/CS,97930,0,2026-09-01 03:14:00
Giacomo GI1010,0,0,2026-09-01 03:14:00
Harper HA1013,21960,0,2026-09-01 03:14:00
Carrera CARDUC025,149520,0,2026-09-01 03:14:00
Lucca LU1002,14360,0,2026-09-01 03:14:00
Kalani KA1282,27450,0,2026-09-01 03:14:00
Lucca LU1064,9160,0,2026-09-01 03:14:00
Thilfigr TH2075,117520,0,2026-09-01 03:14:00
Harper Kids HA1156 (4-8 años),0,0,2026-09-01 03:14:00
Carrera CA8069/CS,135920,0,2026-09-01 03:14:00
Nike 7400,39960,0,2026-09-01 03:14:00
Ray Ban 0RX5448,107730,0,2026-09-01 03:14:00
Giacomo GI1004,0,0,2026-09-01 03:14:00
Lucca LU1015,14360,0,2026-09-01 03:14:00
Lucca LU1070,17175,0,2026-09-01 03:14:00
Harper HA1073,0,0,2026-09-01 03:14:00
Lucca LU1016,26925,0,2026-09-01 03:14:00
Lucca LU1067,9160,0,2026-09-01 03:14:00
Polaroid PLD522/G,62930,0,2026-09-01 03:14:00
Kalani KA1036,21960,0,2026-09-01 03:14:00
Giacomo GI1004,0,0,2026-09-01 03:14:00
Harper HA1114,21960,0,2026-09-01 03:14:00
Kalani KA1286,21960,0,2026-09-01 03:14:00
Harper HA1209,0,0,2026-09-01 03:14:00
Harper HA1168,21960,0,2026-09-01 03:14:00
Arnette LAFLOR,73520,0,2026-09-01 03:14:00
Persol RENE,255120,0,2026-09-01 03:14:00
Boss B1643,175920,0,2026-09-01 03:14:00
Harper HA1111,21960,0,2026-09-01 03:14:00
Harper HA1115,21960,0,2026-09-01 03:14:00
Kalani KA1284,27450,0,2026-09-01 03:14:00
Lucca LU1069,9160,0,2026-09-01 03:14:00
Lucca LU1063,9160,0,2026-09-01 03:14:00
Timberland TB50021-H,51960,0,2026-09-01 03:14:00
UnderArm UA5091XL/G,127920,0,2026-09-01 03:14:00
RayBan 0RX5430,65960,0,2026-09-01 03:14:00
Kalani KA1005,27450,0,2026-09-01 03:14:00
Kalani KA1044,21960,0,2026-09-01 03:14:00
Sc Ferrari FZ8002U,89520,0,2026-09-01 03:14:00
Ray Ban Kids 0RY1632 (4-8 años),72030,0,2026-09-01 03:14:00
Harper HA1052,35175,0,2026-09-01 03:14:00
Polaroid PLD517,62930,0,2026-09-01 03:14:00
Ray Ban 0RX6466,122430,0,2026-09-01 03:14:00
Harper HA1054,35175,0,2026-09-01 03:14:00
Harper HA1075,35175,0,2026-09-01 03:14:00
Oakley FUTURITY RS,139920,0,2026-09-01 03:14:00
THilfigr TH2090,116720,0,2026-09-01 03:14:00
Harper HA1051,35175,0,2026-09-01 03:14:00
Harper HA1159,0,0,2026-09-01 03:14:00
Kalani KA1286,27450,0,2026-09-01 03:14:00
Kalani KA1285,27450,0,2026-09-01 03:14:00
Cat CTO3015,79920,0,2026-09-01 03:14:00
Cat Gambrel,79920,0,2026-09-01 03:14:00
Oakley FOIL RQ,106320,0,2026-09-01 03:14:00
Harper Kids HA1155 (4-8 años),0,0,2026-09-01 03:14:00
Lucca LU1067,14360,0,2026-09-01 03:14:00
Nike 7130,39960,0,2026-09-01 03:14:00
RayBan Kids RY1621 (4-8 años),53130,0,2026-09-01 03:14:00
Ray Ban 0RX7550,144130,0,2026-09-01 03:14:00
Harper HA1152 Clip On,49425,0,2026-09-01 03:14:00
Harper Kids HA1172 (4-8 años),0,0,2026-09-01 03:14:00
Lucca LU1065,9160,0,2026-09-01 03:14:00
Lucca LU1059,14360,0,2026-09-01 03:14:00
Oakley KNOLLS,115120,0,2026-09-01 03:14:00
Emporio 0EA1105,123920,0,2026-09-01 03:14:00
Harper HA1006,0,0,2026-09-01 03:14:00
Cat CTO3010,79920,0,2026-09-01 03:14:00
Giacomo GI1016,0,0,2026-09-01 03:14:00
RayBan RX5440,104230,0,2026-09-01 03:14:00
Kalani KA1285,27450,0,2026-09-01 03:14:00
CAT CTO-3063,75920,0,2026-09-01 03:14:00
Harper HA1294,35175,0,2026-09-01 03:14:00
Harper HA1116,41175,0,2026-09-01 03:14:00
Miraflex 0MF4005,23960,0,2026-09-01 03:14:00
Kalani KA1283,27450,0,2026-09-01 03:14:00
Hugo Clip On HG1330/CS2,167920,0,2026-09-01 03:14:00
THilfigr TH2082,119920,0,2026-09-01 03:14:00
Lucca LU1062,9160,0,2026-09-01 03:14:00
Lucca LU1056,26925,0,2026-09-01 03:14:00
Harper HA1070,18760,0,2026-09-01 03:14:00
Boss B1040,199120,0,2026-09-01 03:14:00
Harper HA1126,0,0,2026-09-01 03:14:00
CAT CTO 3075,79920,0,2026-09-01 03:14:00
Lucca LU1055,14360,0,2026-09-01 03:14:00
Harper HA1060,35175,0,2026-09-01 03:14:00
Polo PH2288,108430,0,2026-09-01 03:14:00
RayBan RX7256,115430,0,2026-09-01 03:14:00
Hugo HG 1097,119920,0,2026-09-01 03:14:00
Converse CV8000,67920,0,2026-09-01 03:14:00
Boss BOSS1768/G,164720,0,2026-09-01 03:14:00
Cat Clip On CTSC0004,95920,0,2026-09-01 03:14:00
Lucca LU1063,14360,0,2026-09-01 03:14:00
Giacomo GI1017,0,0,2026-09-01 03:14:00
RayBan RAIMOND,115430,0,2026-09-01 03:14:00
Kalani KA1001,21960,0,2026-09-01 03:14:00
Lucca LU1003,26925,0,2026-09-01 03:14:00
Under Armour UA5043,111920,0,2026-09-01 03:14:00
Emporio Armani 0EA4258 Clip On,154320,0,2026-09-01 03:14:00
Nike NIKE 7018 N,99920,0,2026-09-01 03:14:00
Cat CTSC0012 Clip On,91920,0,2026-09-01 03:14:00
Carrera 4413,119920,0,2026-09-01 03:14:00
Cat CTSC0005 Clip On,91920,0,2026-09-01 03:14:00
ONeill ONB-4010,71920,0,2026-09-01 03:14:00
CAT CTO-3039,75920,0,2026-09-01 03:14:00
Harper HA1376,41175,0,2026-09-01 03:14:00
Oakley PLANK 2.0,115120,0,2026-09-01 03:14:00
Sc Ferrari FZ7002,130320,0,2026-09-01 03:14:00
Thilfigr TH2070,115920,0,2026-09-01 03:14:00
ONeill ONOALTO,71920,0,2026-09-01 03:14:00
Harper HA1301,35175,0,2026-09-01 03:14:00
Harper HA1219,18760,0,2026-09-01 03:14:00
RayBan RX5442D,115430,0,2026-09-01 03:14:00
Oakley STEAKHOUSE 1.0,156720,0,2026-09-01 03:14:00
RayBan 0RX7397,137130,0,2026-09-01 03:14:00
Harper HA1352,21960,0,2026-09-01 03:14:00
Harper HA1169,21960,0,2026-09-01 03:14:00
Harper HA1374,21960,0,2026-09-01 03:14:00
Kalani KA1013,21960,0,2026-09-01 03:14:00
Under Armour UA5035,132720,0,2026-09-01 03:14:00
Sc Ferrari FZ8002U,89520,0,2026-09-01 03:14:00
Polo Ralph Lauren 0PH1175,100730,0,2026-09-01 03:14:00
Lucca LU1004,0,0,2026-09-01 03:14:00
Cat CTO3013,79920,0,2026-09-01 03:14:00
THilfigr TH2037,111920,0,2026-09-01 03:14:00
Nike NIKE 8154 N,107920,0,2026-09-01 03:14:00
Harper HA1218,18760,0,2026-09-01 03:14:00
Lucca LU1069,17175,0,2026-09-01 03:14:00
Polaroid PLD D591/C,97930,0,2026-09-01 03:14:00
Persol LYNN,237520,0,2026-09-01 03:14:00
Harper HA1074,35175,0,2026-09-01 03:14:00
Arnette Clip On GRAF,83120,0,2026-09-01 03:14:00
Harper HA1178,21960,0,2026-09-01 03:14:00
Harper HA1172,41175,0,2026-09-01 03:14:00
Harper HA1147,21960,0,2026-09-01 03:14:00
Lacoste L2305,115920,0,2026-09-01 03:14:00
Cat Joiner,75920,0,2026-09-01 03:14:00
Carrera CA326,119920,0,2026-09-01 03:14:00
Boss BOSS1727,175920,0,2026-09-01 03:14:00
Lacoste L2291,115920,0,2026-09-01 03:14:00
Harper HA1346,21960,0,2026-09-01 03:14:00
Kalani KA1292,27450,0,2026-09-01 03:14:00
Polaroid PLD D580,62930,0,2026-09-01 03:14:00
Harper HA1051,18760,0,2026-09-01 03:14:00
Polaroid PLD547,67130,0,2026-09-01 03:14:00
Emporio 0EA3276U,115120,0,2026-09-01 03:14:00
Oakley VERSAFUSE SQ,168720,0,2026-09-01 03:14:00
Persol 0PO3382V,219920,0,2026-09-01 03:14:00
Lacoste L2979 N,99920,0,2026-09-01 03:14:00
Nike NIKE 1000,99920,0,2026-09-01 03:14:00
Nike 7014 N,111920,0,2026-09-01 03:14:00
Nike NIKE 8184,107920,0,2026-09-01 03:14:00
Harper HA1346,41175,0,2026-09-01 03:14:00
Harper HA1212,18760,0,2026-09-01 03:14:00
Harper HA1299,18760,0,2026-09-01 03:14:00
Lucca LU1066,14360,0,2026-09-01 03:14:00
Lucca LU1061,14360,0,2026-09-01 03:14:00
Persol 0PO3007VM,211120,0,2026-09-01 03:14:00
Arnette CORNERCUT,82320,0,2026-09-01 03:14:00
Oakley FOIL RQ 0.5,106320,0,2026-09-01 03:14:00
Thilfigr TH 2081,127920,0,2026-09-01 03:14:00
Converse CV5104,67920,0,2026-09-01 03:14:00
Carrera Clip On CA8066/CS,135920,0,2026-09-01 03:14:00
Lucca LU1057,14360,0,2026-09-01 03:14:00
Lucca LU1002,26925,0,2026-09-01 03:14:00
Converse CV8013,75920,0,2026-09-01 03:14:00
Harper HA1326,26360,0,2026-09-01 03:14:00
Boss BOSS1701/G,175920,0,2026-09-01 03:14:00
Cat CTO3076,79920,0,2026-09-01 03:14:00
Adidas SP5057,108720,0,2026-09-01 03:14:00
Harper HA1359,18760,0,2026-09-01 03:14:00
Harper HA1373,41175,0,2026-09-01 03:14:00
Lucca LU1073,9160,0,2026-09-01 03:14:00
Lucca LU1071,9160,0,2026-09-01 03:14:00
Polaroid PLD532,62930,0,2026-09-01 03:14:00
PolarKid Kids PLDD844 (4-8 años),46830,0,2026-09-01 03:14:00
Lucca LU1054,14360,0,2026-09-01 03:14:00
Persol 0PO3343V,219920,0,2026-09-01 03:14:00
Arnette CROSS FADE ll,57520,0,2026-09-01 03:14:00
Harper HA1155,41175,0,2026-09-01 03:14:00
Ray Ban Kids 0RY1549 (4-8 años),73430,0,2026-09-01 03:14:00
Kalani KA1283,21960,0,2026-09-01 03:14:00
ONeill ONO4504,71920,0,2026-09-01 03:14:00
CAT CTO 3076,79920,0,2026-09-01 03:14:00
CAT CTSC0014 104 58,99920,0,2026-09-01 03:14:00
Harper HA1297,18760,0,2026-09-01 03:14:00
Harper HA1359,18760,0,2026-09-01 03:14:00
Harper HA1302,18760,0,2026-09-01 03:14:00
Lucca LU1066,17175,0,2026-09-01 03:14:00
Polaroid Clip On PLD6205,97930,0,2026-09-01 03:14:00
Arnette KAMAYA,57520,0,2026-09-01 03:14:00
RayBan 0RYA1980,59430,0,2026-09-01 03:14:00
Miraflex New baby 4,0,0,2026-09-01 03:14:00
Lucca LU1054,26925,0,2026-09-01 03:14:00
Harper HA1115,21960,0,2026-09-01 03:14:00
Harper HA1126,0,0,2026-09-01 03:14:00
CAT CTO3003,75920,0,2026-09-01 03:14:00
ONeill ONO4503,75920,0,2026-09-01 03:14:00
Nike NIKE 7092 N,107920,0,2026-09-01 03:14:00
Hugo  HG1332/G,119920,0,2026-09-01 03:14:00
Harper HA1167,21960,0,2026-09-01 03:14:00
Harper HA1304,18760,0,2026-09-01 03:14:00
Polaroid PLD589,62930,0,2026-09-01 03:14:00
Ray Ban 0RX7017,69960,0,2026-09-01 03:14:00
Arnette AN7246U,36760,0,2026-09-01 03:14:00
Polo PH2290U,100730,0,2026-09-01 03:14:00
Ray Ban 0RX5445,102830,0,2026-09-01 03:14:00
Sc Ferrari  FZ8001U,105520,0,2026-09-01 03:14:00
Arnette TURBINE,83120,0,2026-09-01 03:14:00
Harper Juvenil HA1158 (8-12 años),18760,0,2026-09-01 03:14:00
Harper HA1053,35175,0,2026-09-01 03:14:00
Lacoste L2848,91920,0,2026-09-01 03:14:00
Lacoste L2848,91920,0,2026-09-01 03:14:00
Hugo HG1309,125520,0,2026-09-01 03:14:00
Nike NIKE 8159 N,99920,0,2026-09-01 03:14:00
Harper HA1304,18760,0,2026-09-01 03:14:00
Lucca LU1067,17175,0,2026-09-01 03:14:00
Gucci GG1929O,199200,0,2026-09-01 03:14:00
Kalani KA1290,27450,0,2026-09-01 03:14:00
Timbrlnd TB50093,108720,0,2026-09-01 03:14:00
Polaroid PLD2147/CS,90930,0,2026-09-01 03:14:00
Timberland TB50017,43960,0,2026-09-01 03:14:00
Cat Riveter,0,0,2026-09-01 03:14:00
Lucca LU1001,0,0,2026-09-01 03:14:00
Arnette PHAMIL,66320,0,2026-09-01 03:14:00
Cat CTO3016,79920,0,2026-09-01 03:14:00
Miraflex 0MF4037,43120,0,2026-09-01 03:14:00
Nike 7405,111920,0,2026-09-01 03:14:00
Lacoste L2974 N,99920,0,2026-09-01 03:14:00
Harper HA1359,18760,0,2026-09-01 03:14:00
Lucca LU1061,14360,0,2026-09-01 03:14:00
Polaroid PLD527,62930,0,2026-09-01 03:14:00
RayBan 0RX6552,97230,0,2026-09-01 03:14:00
Sc Ferrari 0FZ7009,146320,0,2026-09-01 03:14:00
Converse CV5113,75920,0,2026-09-01 03:14:00
Adidas SP5043,111920,0,2026-09-01 03:14:00
Kalani KA1284,21960,0,2026-09-01 03:14:00
Harper HA1171,21960,0,2026-09-01 03:14:00
Harper HA1296,35175,0,2026-09-01 03:14:00
Hugo HG1349/G,140720,0,2026-09-01 03:14:00
Giacomo GI1007,0,0,2026-09-01 03:14:00
RayBan RAIMOND,115430,0,2026-09-01 03:14:00
Sc Ferrari 0FZ8027U,130320,0,2026-09-01 03:14:00
Arnette AN7262U,33160,0,2026-09-01 03:14:00
Ray Ban 0RX6532,137130,0,2026-09-01 03:14:00
Emporio EA1171,132720,0,2026-09-01 03:14:00
Sc Ferrari FZ8017U,105520,0,2026-09-01 03:14:00
CKJeans CKJ19510,39960,0,2026-09-01 03:14:00
Harper Kids HA1154 (4-8 años),0,0,2026-09-01 03:14:00
Cat CTO3075,79920,0,2026-09-01 03:14:00
ONeill ONO4019,75920,0,2026-09-01 03:14:00
Lacoste L2271 N,107920,0,2026-09-01 03:14:00
Persol 0PO3391V,219920,0,2026-09-01 03:14:00
Harper HA1170,21960,0,2026-09-01 03:14:00
Polaroid Kids PLD813/T (4-8 años),48930,0,2026-09-01 03:14:00
CAT CTSC0067,154900,0,2026-09-01 03:14:00
Lucca LU1062,14360,0,2026-09-01 03:14:00
Gucci GG1858O,199200,0,2026-09-01 03:14:00
Carrera CA8916,119920,0,2026-09-01 03:14:00
Polaroid Kids PLD849 (4-8 años),48930,0,2026-09-01 03:14:00
Timbrlnd TB50093,108720,0,2026-09-01 03:14:00
Adidas OR5124,119920,0,2026-09-01 03:14:00
Timbrlnd TB50099,111920,0,2026-09-01 03:14:00
UnderArm UA5081/G,132720,0,2026-09-01 03:14:00
Carrera C226,127920,0,2026-09-01 03:14:00
Polaroid PLD488,62930,0,2026-09-01 03:14:00
Polaroid PLD D590/C,101430,0,2026-09-01 03:14:00
Polaroid PLD D482,31960,0,2026-09-01 03:14:00
Polaroid Kids PLD D813 (4-8 años),46830,0,2026-09-01 03:14:00
Arnette 0AN7247U,34760,0,2026-09-01 03:14:00
Miraflex 0MF4024,47920,0,2026-09-01 03:14:00
Harper HA1174,21960,0,2026-09-01 03:14:00
Converse CV5095,75920,0,2026-09-01 03:14:00
Under Armour UA5064,140720,0,2026-09-01 03:14:00
Adidas SP5103,111120,0,2026-09-01 03:14:00
Boss BOSS 1834/G,181520,0,2026-09-01 03:14:00
CAT CTO3032,75920,0,2026-09-01 03:14:00
THilfigr Clip On TH 2281/C,135920,0,2026-09-01 03:14:00
ONeill ONO4504,75920,0,2026-09-01 03:14:00
Porsche Design P8746,271920,0,2026-09-01 03:14:00
Lacoste L2302 N,127920,0,2026-09-01 03:14:00
Nike NIKE 7015 N,107920,0,2026-09-01 03:14:00
ONeill ONO4019,71920,0,2026-09-01 03:14:00
Nike 7287 N,111920,0,2026-09-01 03:14:00
Timberland TB50059,108720,0,2026-09-01 03:14:00
Harper HA1217,18760,0,2026-09-01 03:14:00
Harper HA1302,18760,0,2026-09-01 03:14:00
Harper HA1298,35175,0,2026-09-01 03:14:00
Harper HA1375,21960,0,2026-09-01 03:14:00
Timbrlnd TB50093,108720,0,2026-09-01 03:14:00
Timbrlnd TB50097,111920,0,2026-09-01 03:14:00
Nike NIKE7293,99920,0,2026-09-01 03:14:00
Kalani KA1289,27450,0,2026-09-01 03:14:00
Carrera CARDUC58,135920,0,2026-09-01 03:14:00
Timbrlnd TB50093,103920,0,2026-09-01 03:14:00
Carrera CARRERA 8929,111920,0,2026-09-01 03:14:00
Timbrlnd TB50092,108720,0,2026-09-01 03:14:00
Polaroid PLD547,67130,0,2026-09-01 03:14:00
Adidas SP5071,119920,0,2026-09-01 03:14:00
Hugo HG1340/G,127920,0,2026-09-01 03:14:00
Polo Ralph Lauren 0PH2291U,100730,0,2026-09-01 03:14:00
Arnette TAPAU,66320,0,2026-09-01 03:14:00
Converse CV5134,75920,0,2026-09-01 03:14:00
Harper Juvenil HA1304 (8-12 años),0,0,2026-09-01 03:14:00
Nike 1001,91920,0,2026-09-01 03:14:00
Prada PRB09V,295120,0,2026-09-01 03:14:00
Versace 0VE1311,177520,0,2026-09-01 03:14:00
Under Armour UA5085/G,131120,0,2026-09-01 03:14:00
Nike NIKE 8154 N,107920,0,2026-09-01 03:14:00
Nike 8159 N,91920,0,2026-09-01 03:14:00
Boss BOSS 1850,191920,0,2026-09-01 03:14:00
Harper HA1175,41175,0,2026-09-01 03:14:00
Timbrlnd TB50094,108720,0,2026-09-01 03:14:00
Polaroid PLD D622/C,108430,0,2026-09-01 03:14:00
Timbrlnd TB50094,108720,0,2026-09-01 03:14:00
Cat CTO3063,75920,0,2026-09-01 03:14:00
Kalani KA1294,27450,0,2026-09-01 03:14:00
Adidas SP5043,119920,0,2026-09-01 03:14:00
Polaroid PLD6230/CS,90930,0,2026-09-01 03:14:00
Arnette 0AN7241U,33160,0,2026-09-01 03:14:00
Burberry BE2419,270320,0,2026-09-01 03:14:00
Lucca LU1007,26925,0,2026-09-01 03:14:00
Timberland TB1736,112720,0,2026-09-01 03:14:00
Timberland TB1740,108720,0,2026-09-01 03:14:00
Arnette 0AN7292,47920,0,2026-09-01 03:14:00
Hugo HG1307,119920,0,2026-09-01 03:14:00
Harper Juvenil HA1173 (8-12 años),0,0,2026-09-01 03:14:00
Cat CTO3015,79920,0,2026-09-01 03:14:00
Converse CV5134,75920,0,2026-09-01 03:14:00
Porsche Design P8776,271200,0,2026-09-01 03:14:00
Lacoste L2314 N,119920,0,2026-09-01 03:14:00
Persol JACQUES,219920,0,2026-09-01 03:14:00
ONeill ONO4508,71920,0,2026-09-01 03:14:00
Harper HA1304,18760,0,2026-09-01 03:14:00
Harper HA1208,0,0,2026-09-01 03:14:00
Harper HA1299,18760,0,2026-09-01 03:14:00
Harper HA1299,18760,0,2026-09-01 03:14:00
Harper HA1347,21960,0,2026-09-01 03:14:00
Kalani KA1282,27450,0,2026-09-01 03:14:00
Kalani KA1289,27450,0,2026-09-01 03:14:00
Lucca LU1072,9160,0,2026-09-01 03:14:00
Timbrlnd TB1765,115920,0,2026-09-01 03:14:00
Timbrlnd TB50093,108720,0,2026-09-01 03:14:00
Timbrlnd TB1765,123920,0,2026-09-01 03:14:00
Under Arm UA5081/G,144720,0,2026-09-01 03:14:00
Kalani KA1291,27450,0,2026-09-01 03:14:00
CAT CTSC0062,154900,0,2026-09-01 03:14:00
Kalani KA1290,27450,0,2026-09-01 03:14:00
CAT CTSC0065,154900,0,2026-09-01 03:14:00
Cat CTO3031,75920,0,2026-09-01 03:14:00
Kalani KA1288,27450,0,2026-09-01 03:14:00
UnderArm UA5080,122320,0,2026-09-01 03:14:00
Polaroid Kids PLDD839 (4-8 años),52430,0,2026-09-01 03:14:00
Boss 1436,193520,0,2026-09-01 03:14:00
Ray Ban 0RX3746V,115430,0,2026-09-01 03:14:00
Sc Ferrari FZ8020U,130320,0,2026-09-01 03:14:00
Harper HA1166,21960,0,2026-09-01 03:14:00
ONeill ONO4503,71920,0,2026-09-01 03:14:00
Nike 7287 N,111920,0,2026-09-01 03:14:00
CAT CTO3022,75920,0,2026-09-01 03:14:00
Under Armour UA 5102,134320,0,2026-09-01 03:14:00
Persol 0PO3392V,219920,0,2026-09-01 03:14:00
Harper HA1377,41175,0,2026-09-01 03:14:00
Harper HA1295,35175,0,2026-09-01 03:14:00
Kalani KA1292,27450,0,2026-09-01 03:14:00
Timbrlnd TB50098,111920,0,2026-09-01 03:14:00
Adidas OR5125,119920,0,2026-09-01 03:14:00
Polaroid Kids PLD849 (4-8 años),48930,0,2026-09-01 03:14:00
Carrera CA 8069/CS,147920,0,2026-09-01 03:14:00
Adidas SP5133,119900,0,2026-09-01 03:14:00
Carrera CARRERA 382,115920,0,2026-09-01 03:14:00
Polaroid PLD D604/C,111930,0,2026-09-01 03:14:00
Adidas SP5109,119920,0,2026-09-01 03:14:00
Timbrlnd TB50093,108720,0,2026-09-01 03:14:00
Polaroid Kids PLD D823 (4-8 años),46830,0,2026-09-01 03:14:00
Polaroid PLD D583/G,76930,0,2026-09-01 03:14:00
Boss B1040,199120,0,2026-09-01 03:14:00
Harper HA1056,0,0,2026-09-01 03:14:00
Giacomo GI1015,0,0,2026-09-01 03:14:00
Harper HA1008,41175,0,2026-09-01 03:14:00
Timberland TB50000-H,108720,0,2026-09-01 03:14:00
Sc Ferrari 0FZ8024U,130320,0,2026-09-01 03:14:00
Sc Ferrari 0FZ8025U,130320,0,2026-09-01 03:14:00
Adidas SP5085,65160,0,2026-09-01 03:14:00
Lucca LU1019,26925,0,2026-09-01 03:14:00
Porsche Design P8745,271200,0,2026-09-01 03:14:00
Nike 7015 N,111920,0,2026-09-01 03:14:00
Timberland TB50047,108720,0,2026-09-01 03:14:00
Porsche Design P8770,303920,0,2026-09-01 03:14:00
Adidas SP5108,119920,0,2026-09-01 03:14:00
Harper HA1344,41175,0,2026-09-01 03:14:00
Lucca LU1064,14360,0,2026-09-01 03:14:00
Kalani KA1293,27450,0,2026-09-01 03:14:00
Timbrlnd TB50093,108720,0,2026-09-01 03:14:00
Adidas SP5106,127920,0,2026-09-01 03:14:00
Polaroid Clip On PLD 6205/CS,104930,0,2026-09-01 03:14:00
Polaroid Cip On PLD 6132/CS,53560,0,2026-09-01 03:14:00
Polaroid PLD570/G,74830,0,2026-09-01 03:14:00
Hugo HG1246,135120,0,2026-09-01 03:14:00
Emporio EA1149,132720,0,2026-09-01 03:14:00
Ray Ban 0RX5440,104230,0,2026-09-01 03:14:00
Sc Ferrari 0FZ8030U,130320,0,2026-09-01 03:14:00
Thilfigr TH2139,132720,0,2026-09-01 03:14:00
RayBan Juvenil 0RY9551V (8-12 años),59430,0,2026-09-01 03:14:00
Harper HA1111,21960,0,2026-09-01 03:14:00
Harper HA1173,41175,0,2026-09-01 03:14:00
Cat CTO3013,79920,0,2026-09-01 03:14:00
Miraflex MF4026,37520,0,2026-09-01 03:14:00
Timberland TB50008 Clip On,131920,0,2026-09-01 03:14:00
Lacoste L2979 N,99920,0,2026-09-01 03:14:00
Persol 0PO3382V,219920,0,2026-09-01 03:14:00
Porsche Design P8763,303920,0,2026-09-01 03:14:00
Lacoste L2977 N,119920,0,2026-09-01 03:14:00
Nike NIKE 8138 N,119920,0,2026-09-01 03:14:00
Harper HA1344,41175,0,2026-09-01 03:14:00
Lucca LU1068,14360,0,2026-09-01 03:14:00
Kalani KA1291,27450,0,2026-09-01 03:14:00
Polaroid PLDD556/C,90930,0,2026-09-01 03:14:00
Polaroid Kids PLD D826 (4-8 años),46830,0,2026-09-01 03:14:00
Polaroid Kids PLD837 (4-8 años),46830,0,2026-09-01 03:14:00
Persol 0PO2460V,219920,0,2026-09-01 03:14:00
Hugo HG1339/G,127920,0,2026-09-01 03:14:00
Arnette LEONARDO,70320,0,2026-09-01 03:14:00
RayBan 0RX5698,115430,0,2026-09-01 03:14:00
Lucca LU1056,26925,0,2026-09-01 03:14:00
